idRiesgo;Municipio;Desastre;Nivel de Vulnerabilidad;Necesidad de Acción;Necesidad de Estudios;Fecha de Actualización;Código_DANE
784000;ABEJORRAL;SPATE;ALTO;SÍ;SÍ;30/07/2022;5002
785000;ABEJORRAL;AVALANCHE;MODERADO;NO;NO;26/06/2022;5002
786000;ABEJORRAL;ELECTRICSTORM;BAJO;NO;NO;21/11/2021;5002
787000;ABEJORRAL;BIOLOGICAL;ALTO;SÍ;NO;1/09/2021;5002
788000;ABEJORRAL;STORM;MODERADO;NO;SÍ;4/10/2022;5002
1231000;ABRIAQUÍ;ERUPTION;MODERADO;SÍ;NO;9/10/2023;5004
1232000;ABRIAQUÍ;STRUCTURE;ALTO;SÍ;SÍ;22/03/2023;5004
1233000;ABRIAQUÍ;STORM;MODERADO;NO;SÍ;8/03/2022;5004
1234000;ABRIAQUÍ;RAIN;BAJO;NO;SÍ;17/03/2022;5004
1235000;ABRIAQUÍ;EPIDEMIC;ALTO;SÍ;NO;1/10/2022;5004
1236000;ABRIAQUÍ;SURGE;BAJO;NO;NO;25/01/2022;5004
1237000;ABRIAQUÍ;OTHER;ALTO;NO;SÍ;24/08/2021;5004
1238000;ABRIAQUÍ;LEAK;BAJO;NO;SÍ;31/01/2023;5004
1239000;ABRIAQUÍ;EARTHQUAKE;ALTO;SÍ;NO;3/11/2022;5004
1240000;ABRIAQUÍ;INTOXICACION;MODERADO;NO;SÍ;19/05/2022;5004
1241000;ABRIAQUÍ;LANDSLIDE;ALTO;NO;SÍ;20/09/2021;5004
1242000;ABRIAQUÍ;PLAGUE;ALTO;SÍ;SÍ;19/12/2021;5004
1243000;ABRIAQUÍ;STRONGWIND;ALTO;SÍ;SÍ;17/01/2023;5004
1244000;ABRIAQUÍ;POLLUTION;BAJO;SÍ;NO;30/10/2022;5004
1245000;ABRIAQUÍ;FROST;BAJO;NO;NO;14/03/2023;5004
1246000;ABRIAQUÍ;FORESTFIRE;ALTO;SÍ;SÍ;9/08/2023;5004
1247000;ABRIAQUÍ;AVALANCHE;BAJO;SÍ;NO;26/08/2021;5004
1248000;ABRIAQUÍ;HAILSTORM;BAJO;NO;SÍ;20/08/2022;5004
435000;ALEJANDRÍA;EPIDEMIC;BAJO;SÍ;NO;8/12/2023;5021
436000;ALEJANDRÍA;FROST;MODERADO;SÍ;NO;15/10/2021;5021
437000;ALEJANDRÍA;BIOLOGICAL;MODERADO;NO;SÍ;7/08/2023;5021
438000;ALEJANDRÍA;FLOOD;ALTO;SÍ;NO;11/02/2023;5021
439000;ALEJANDRÍA;INTOXICACION;BAJO;NO;NO;2/04/2022;5021
440000;ALEJANDRÍA;POLLUTION;MODERADO;NO;SÍ;20/06/2022;5021
441000;ALEJANDRÍA;RAIN;ALTO;NO;NO;31/05/2022;5021
442000;ALEJANDRÍA;OTHER;BAJO;SÍ;NO;19/09/2023;5021
443000;ALEJANDRÍA;STRUCTURE;ALTO;SÍ;SÍ;15/03/2023;5021
444000;ALEJANDRÍA;FORESTFIRE;ALTO;NO;NO;6/08/2022;5021
445000;ALEJANDRÍA;SURGE;MODERADO;NO;SÍ;11/08/2021;5021
446000;ALEJANDRÍA;DROUGHT;ALTO;NO;NO;6/08/2022;5021
447000;ALEJANDRÍA;STRONGWIND;BAJO;SÍ;NO;10/08/2022;5021
448000;ALEJANDRÍA;STORM;MODERADO;SÍ;SÍ;21/03/2022;5021
743000;AMAGÁ;LEAK;ALTO;SÍ;SÍ;11/02/2022;5030
744000;AMAGÁ;POLLUTION;MODERADO;NO;NO;29/06/2023;5030
745000;AMAGÁ;ELECTRICSTORM;ALTO;NO;NO;5/10/2021;5030
746000;AMAGÁ;ERUPTION;ALTO;SÍ;NO;27/07/2022;5030
747000;AMAGÁ;FLOOD;BAJO;NO;SÍ;7/10/2021;5030
748000;AMAGÁ;FIRE;BAJO;SÍ;NO;12/03/2023;5030
749000;AMAGÁ;DROUGHT;BAJO;SÍ;SÍ;31/01/2023;5030
750000;AMAGÁ;EARTHQUAKE;BAJO;SÍ;SÍ;25/12/2022;5030
751000;AMAGÁ;EPIDEMIC;BAJO;SÍ;SÍ;15/09/2021;5030
752000;AMAGÁ;HAILSTORM;BAJO;NO;SÍ;19/04/2023;5030
753000;AMAGÁ;STRUCTURE;ALTO;SÍ;SÍ;22/03/2022;5030
754000;AMAGÁ;OTHER;BAJO;SÍ;NO;16/10/2023;5030
755000;AMAGÁ;LANDSLIDE;BAJO;SÍ;NO;4/06/2022;5030
756000;AMAGÁ;SURGE;MODERADO;SÍ;SÍ;16/08/2022;5030
757000;AMAGÁ;AVALANCHE;MODERADO;SÍ;NO;27/01/2022;5030
758000;AMAGÁ;SPATE;MODERADO;NO;SÍ;29/09/2023;5030
759000;AMAGÁ;RAIN;BAJO;NO;NO;27/06/2023;5030
760000;AMAGÁ;STORM;MODERADO;NO;SÍ;8/03/2023;5030
573000;AMALFI;FIRE;MODERADO;SÍ;SÍ;7/06/2023;5031
574000;AMALFI;FLOOD;MODERADO;NO;NO;18/03/2023;5031
575000;AMALFI;EARTHQUAKE;ALTO;NO;NO;10/06/2023;5031
576000;AMALFI;ELECTRICSTORM;MODERADO;SÍ;SÍ;13/05/2023;5031
577000;AMALFI;AVALANCHE;ALTO;SÍ;SÍ;13/10/2023;5031
578000;AMALFI;STRONGWIND;BAJO;NO;SÍ;29/03/2023;5031
579000;AMALFI;POLLUTION;ALTO;NO;SÍ;28/06/2022;5031
580000;AMALFI;SPATE;BAJO;SÍ;NO;21/08/2022;5031
581000;AMALFI;BIOLOGICAL;MODERADO;SÍ;NO;16/12/2023;5031
582000;AMALFI;DROUGHT;BAJO;NO;NO;21/04/2022;5031
583000;AMALFI;STRUCTURE;BAJO;SÍ;NO;17/12/2023;5031
584000;AMALFI;FROST;ALTO;NO;SÍ;24/10/2022;5031
585000;AMALFI;PLAGUE;ALTO;SÍ;SÍ;8/10/2021;5031
586000;AMALFI;INTOXICACION;MODERADO;NO;NO;30/04/2023;5031
587000;AMALFI;ERUPTION;ALTO;NO;SÍ;3/10/2023;5031
588000;AMALFI;STORM;ALTO;NO;SÍ;9/05/2022;5031
153000;ANDES;FROST;BAJO;NO;SÍ;8/02/2023;5034
154000;ANDES;BIOLOGICAL;MODERADO;NO;NO;11/05/2022;5034
155000;ANDES;OTHER;BAJO;NO;SÍ;20/11/2021;5034
156000;ANDES;EPIDEMIC;MODERADO;NO;NO;7/01/2022;5034
157000;ANDES;HAILSTORM;ALTO;SÍ;NO;25/10/2022;5034
158000;ANDES;DROUGHT;ALTO;NO;SÍ;19/03/2023;5034
159000;ANDES;LEAK;ALTO;SÍ;SÍ;23/02/2022;5034
160000;ANDES;ELECTRICSTORM;BAJO;SÍ;NO;10/05/2022;5034
161000;ANDES;POLLUTION;MODERADO;SÍ;SÍ;4/01/2024;5034
162000;ANDES;PLAGUE;MODERADO;NO;SÍ;17/07/2023;5034
163000;ANDES;SPATE;ALTO;SÍ;SÍ;13/09/2023;5034
735000;ANGELÓPOLIS;LANDSLIDE;MODERADO;NO;SÍ;22/08/2022;5036
736000;ANGELÓPOLIS;FLOOD;MODERADO;NO;NO;24/01/2023;5036
737000;ANGELÓPOLIS;FROST;MODERADO;SÍ;SÍ;31/08/2021;5036
738000;ANGELÓPOLIS;EARTHQUAKE;MODERADO;NO;NO;22/08/2022;5036
739000;ANGELÓPOLIS;POLLUTION;MODERADO;SÍ;SÍ;27/07/2021;5036
740000;ANGELÓPOLIS;SURGE;ALTO;SÍ;NO;11/09/2021;5036
741000;ANGELÓPOLIS;FIRE;MODERADO;NO;SÍ;17/09/2023;5036
742000;ANGELÓPOLIS;EPIDEMIC;BAJO;SÍ;NO;8/03/2023;5036
669000;ANGOSTURA;AVALANCHE;BAJO;NO;NO;7/03/2023;5038
670000;ANGOSTURA;HAILSTORM;BAJO;SÍ;NO;5/09/2021;5038
671000;ANGOSTURA;ERUPTION;ALTO;NO;SÍ;27/09/2021;5038
672000;ANGOSTURA;LANDSLIDE;BAJO;SÍ;SÍ;1/04/2023;5038
673000;ANGOSTURA;SURGE;BAJO;SÍ;NO;19/10/2023;5038
674000;ANGOSTURA;STORM;ALTO;SÍ;SÍ;19/10/2022;5038
675000;ANGOSTURA;ELECTRICSTORM;BAJO;NO;SÍ;13/10/2021;5038
522000;ANORÍ;DROUGHT;MODERADO;NO;SÍ;19/05/2022;5040
523000;ANORÍ;LEAK;BAJO;NO;NO;28/08/2022;5040
524000;ANORÍ;PLAGUE;MODERADO;SÍ;SÍ;31/07/2021;5040
525000;ANORÍ;SPATE;BAJO;NO;NO;17/01/2023;5040
526000;ANORÍ;AVALANCHE;ALTO;SÍ;NO;21/06/2022;5040
527000;ANORÍ;FROST;MODERADO;NO;NO;18/01/2023;5040
528000;ANORÍ;STRUCTURE;ALTO;SÍ;NO;23/06/2022;5040
529000;ANORÍ;LANDSLIDE;MODERADO;SÍ;SÍ;3/09/2022;5040
530000;ANORÍ;OTHER;MODERADO;NO;NO;8/10/2021;5040
531000;ANORÍ;FLOOD;ALTO;SÍ;SÍ;6/09/2023;5040
532000;ANORÍ;FORESTFIRE;ALTO;SÍ;SÍ;17/10/2023;5040
533000;ANORÍ;HAILSTORM;ALTO;SÍ;SÍ;27/10/2022;5040
534000;ANORÍ;ERUPTION;MODERADO;NO;SÍ;15/02/2022;5040
535000;ANORÍ;ELECTRICSTORM;BAJO;NO;SÍ;2/10/2023;5040
51000;ANZÁ;STRUCTURE;BAJO;NO;NO;15/04/2023;5044
52000;ANZÁ;FIRE;ALTO;NO;SÍ;21/12/2022;5044
53000;ANZÁ;DROUGHT;MODERADO;SÍ;SÍ;7/09/2021;5044
54000;ANZÁ;SURGE;MODERADO;SÍ;SÍ;24/10/2021;5044
55000;ANZÁ;POLLUTION;BAJO;SÍ;SÍ;2/11/2023;5044
56000;ANZÁ;AVALANCHE;ALTO;SÍ;SÍ;22/08/2021;5044
57000;ANZÁ;STORM;MODERADO;SÍ;NO;26/08/2021;5044
35000;APARTADÓ;AVALANCHE;ALTO;NO;SÍ;30/10/2021;5045
36000;APARTADÓ;STORM;MODERADO;NO;SÍ;19/09/2022;5045
37000;APARTADÓ;FROST;MODERADO;NO;NO;23/04/2022;5045
38000;APARTADÓ;POLLUTION;MODERADO;NO;NO;9/04/2022;5045
39000;APARTADÓ;STRONGWIND;MODERADO;NO;SÍ;9/08/2022;5045
40000;APARTADÓ;FORESTFIRE;BAJO;NO;NO;15/04/2022;5045
818000;ARBOLETES;LANDSLIDE;ALTO;SÍ;SÍ;19/05/2023;5051
819000;ARBOLETES;STRUCTURE;ALTO;SÍ;SÍ;3/08/2022;5051
820000;ARBOLETES;INTOXICACION;MODERADO;NO;NO;26/02/2023;5051
821000;ARBOLETES;RAIN;ALTO;NO;NO;22/11/2022;5051
822000;ARBOLETES;HAILSTORM;BAJO;NO;NO;6/11/2022;5051
823000;ARBOLETES;BIOLOGICAL;ALTO;SÍ;NO;29/03/2022;5051
824000;ARBOLETES;ELECTRICSTORM;BAJO;SÍ;SÍ;12/04/2023;5051
825000;ARBOLETES;AVALANCHE;BAJO;SÍ;SÍ;7/12/2022;5051
617000;ARGELIA;SURGE;BAJO;SÍ;SÍ;26/12/2023;5055
617000;ARGELIA;SURGE;BAJO;SÍ;SÍ;26/12/2023;5059
618000;ARGELIA;INTOXICACION;ALTO;NO;SÍ;10/06/2023;5055
618000;ARGELIA;INTOXICACION;ALTO;NO;SÍ;10/06/2023;5059
619000;ARGELIA;LANDSLIDE;ALTO;SÍ;SÍ;24/08/2023;5055
619000;ARGELIA;LANDSLIDE;ALTO;SÍ;SÍ;24/08/2023;5059
620000;ARGELIA;FORESTFIRE;BAJO;NO;SÍ;25/09/2023;5055
620000;ARGELIA;FORESTFIRE;BAJO;NO;SÍ;25/09/2023;5059
621000;ARGELIA;LEAK;MODERADO;SÍ;NO;20/10/2021;5055
621000;ARGELIA;LEAK;MODERADO;SÍ;NO;20/10/2021;5059
622000;ARGELIA;RAIN;MODERADO;SÍ;NO;27/12/2022;5055
622000;ARGELIA;RAIN;MODERADO;SÍ;NO;27/12/2022;5059
623000;ARGELIA;OTHER;BAJO;SÍ;SÍ;1/01/2023;5055
623000;ARGELIA;OTHER;BAJO;SÍ;SÍ;1/01/2023;5059
624000;ARGELIA;STRONGWIND;BAJO;NO;SÍ;2/09/2023;5055
624000;ARGELIA;STRONGWIND;BAJO;NO;SÍ;2/09/2023;5059
625000;ARGELIA;FLOOD;MODERADO;SÍ;SÍ;30/05/2022;5055
625000;ARGELIA;FLOOD;MODERADO;SÍ;SÍ;30/05/2022;5059
626000;ARGELIA;HAILSTORM;MODERADO;SÍ;SÍ;18/06/2022;5055
626000;ARGELIA;HAILSTORM;MODERADO;SÍ;SÍ;18/06/2022;5059
627000;ARGELIA;STORM;ALTO;SÍ;NO;12/10/2022;5055
627000;ARGELIA;STORM;ALTO;SÍ;NO;12/10/2022;5059
628000;ARGELIA;BIOLOGICAL;MODERADO;NO;SÍ;3/11/2023;5055
628000;ARGELIA;BIOLOGICAL;MODERADO;NO;SÍ;3/11/2023;5059
629000;ARGELIA;ERUPTION;MODERADO;SÍ;SÍ;13/07/2023;5055
629000;ARGELIA;ERUPTION;MODERADO;SÍ;SÍ;13/07/2023;5059
630000;ARGELIA;SPATE;ALTO;SÍ;NO;24/09/2021;5055
630000;ARGELIA;SPATE;ALTO;SÍ;NO;24/09/2021;5059
1258000;ARMENIA;HAILSTORM;MODERADO;NO;SÍ;27/01/2022;5059
1258000;ARMENIA;HAILSTORM;MODERADO;NO;SÍ;27/01/2022;5055
1259000;ARMENIA;ELECTRICSTORM;ALTO;NO;NO;14/11/2021;5059
1259000;ARMENIA;ELECTRICSTORM;ALTO;NO;NO;14/11/2021;5055
1260000;ARMENIA;PLAGUE;BAJO;SÍ;NO;3/04/2023;5059
1260000;ARMENIA;PLAGUE;BAJO;SÍ;NO;3/04/2023;5055
1261000;ARMENIA;AVALANCHE;ALTO;NO;SÍ;26/04/2023;5059
1261000;ARMENIA;AVALANCHE;ALTO;NO;SÍ;26/04/2023;5055
1262000;ARMENIA;FLOOD;ALTO;NO;SÍ;20/10/2021;5059
1262000;ARMENIA;FLOOD;ALTO;NO;SÍ;20/10/2021;5055
1263000;ARMENIA;STRONGWIND;BAJO;NO;NO;15/08/2021;5059
1263000;ARMENIA;STRONGWIND;BAJO;NO;NO;15/08/2021;5055
1264000;ARMENIA;STORM;BAJO;SÍ;NO;22/10/2023;5059
1264000;ARMENIA;STORM;BAJO;SÍ;NO;22/10/2023;5055
1265000;ARMENIA;POLLUTION;MODERADO;NO;NO;13/01/2023;5059
1265000;ARMENIA;POLLUTION;MODERADO;NO;NO;13/01/2023;5055
1266000;ARMENIA;STRUCTURE;BAJO;SÍ;NO;9/10/2023;5059
1266000;ARMENIA;STRUCTURE;BAJO;SÍ;NO;9/10/2023;5055
1267000;ARMENIA;INTOXICACION;ALTO;NO;SÍ;5/01/2024;5059
1267000;ARMENIA;INTOXICACION;ALTO;NO;SÍ;5/01/2024;5055
1268000;ARMENIA;SPATE;ALTO;NO;NO;22/03/2022;5059
1268000;ARMENIA;SPATE;ALTO;NO;NO;22/03/2022;5055
1269000;ARMENIA;ERUPTION;MODERADO;SÍ;NO;24/10/2022;5059
1269000;ARMENIA;ERUPTION;MODERADO;SÍ;NO;24/10/2022;5055
1270000;ARMENIA;LEAK;BAJO;NO;SÍ;28/12/2021;5059
1270000;ARMENIA;LEAK;BAJO;NO;SÍ;28/12/2021;5055
1271000;ARMENIA;OTHER;ALTO;SÍ;SÍ;24/06/2023;5059
1271000;ARMENIA;OTHER;ALTO;SÍ;SÍ;24/06/2023;5055
1272000;ARMENIA;FROST;BAJO;SÍ;SÍ;20/09/2023;5059
1272000;ARMENIA;FROST;BAJO;SÍ;SÍ;20/09/2023;5055
281000;BARBOSA;AVALANCHE;MODERADO;NO;NO;20/12/2022;5079
282000;BARBOSA;INTOXICACION;BAJO;NO;SÍ;25/11/2023;5079
283000;BARBOSA;BIOLOGICAL;BAJO;NO;NO;3/01/2022;5079
284000;BARBOSA;ERUPTION;MODERADO;NO;SÍ;30/07/2023;5079
173000;BELLO;EARTHQUAKE;BAJO;SÍ;SÍ;20/09/2021;5088
174000;BELLO;STRUCTURE;BAJO;SÍ;NO;3/04/2023;5088
175000;BELLO;INTOXICACION;BAJO;NO;NO;15/01/2023;5088
176000;BELLO;BIOLOGICAL;MODERADO;SÍ;SÍ;26/12/2022;5088
177000;BELLO;FLOOD;ALTO;SÍ;SÍ;19/11/2023;5088
178000;BELLO;OTHER;BAJO;SÍ;NO;1/02/2022;5088
179000;BELLO;ELECTRICSTORM;ALTO;SÍ;NO;11/10/2022;5088
180000;BELLO;STORM;BAJO;SÍ;NO;16/09/2021;5088
181000;BELLO;DROUGHT;MODERADO;NO;SÍ;3/02/2023;5088
182000;BELLO;LEAK;ALTO;SÍ;NO;18/09/2022;5088
183000;BELLO;AVALANCHE;ALTO;SÍ;NO;15/09/2021;5088
184000;BELLO;FROST;ALTO;SÍ;NO;4/05/2022;5088
185000;BELLO;EPIDEMIC;MODERADO;SÍ;NO;17/07/2022;5088
186000;BELLO;HAILSTORM;BAJO;NO;NO;22/11/2021;5088
1092000;BELMIRA;OTHER;ALTO;NO;NO;5/08/2022;5086
1093000;BELMIRA;EPIDEMIC;ALTO;SÍ;NO;14/12/2022;5086
1094000;BELMIRA;INTOXICACION;MODERADO;SÍ;SÍ;26/09/2022;5086
1095000;BELMIRA;STRUCTURE;MODERADO;SÍ;NO;2/01/2023;5086
1096000;BELMIRA;DROUGHT;BAJO;NO;NO;28/04/2023;5086
1097000;BELMIRA;RAIN;BAJO;NO;SÍ;14/11/2022;5086
1098000;BELMIRA;BIOLOGICAL;MODERADO;NO;SÍ;14/03/2023;5086
1099000;BELMIRA;ELECTRICSTORM;BAJO;NO;SÍ;15/10/2023;5086
1100000;BELMIRA;FLOOD;MODERADO;NO;SÍ;21/01/2022;5086
1101000;BELMIRA;FIRE;ALTO;SÍ;NO;2/10/2021;5086
459000;BETANIA;PLAGUE;ALTO;NO;NO;27/07/2022;5091
459000;BETANIA;PLAGUE;ALTO;NO;NO;27/07/2022;5093
460000;BETANIA;AVALANCHE;BAJO;NO;SÍ;12/11/2021;5091
460000;BETANIA;AVALANCHE;BAJO;NO;SÍ;12/11/2021;5093
461000;BETANIA;ELECTRICSTORM;ALTO;SÍ;SÍ;8/06/2022;5091
461000;BETANIA;ELECTRICSTORM;ALTO;SÍ;SÍ;8/06/2022;5093
462000;BETANIA;FORESTFIRE;BAJO;SÍ;SÍ;7/09/2023;5091
462000;BETANIA;FORESTFIRE;BAJO;SÍ;SÍ;7/09/2023;5093
463000;BETANIA;BIOLOGICAL;MODERADO;NO;SÍ;15/07/2022;5091
463000;BETANIA;BIOLOGICAL;MODERADO;NO;SÍ;15/07/2022;5093
464000;BETANIA;HAILSTORM;ALTO;NO;SÍ;29/12/2023;5091
464000;BETANIA;HAILSTORM;ALTO;NO;SÍ;29/12/2023;5093
465000;BETANIA;RAIN;BAJO;SÍ;NO;25/02/2023;5091
465000;BETANIA;RAIN;BAJO;SÍ;NO;25/02/2023;5093
466000;BETANIA;STRONGWIND;BAJO;SÍ;SÍ;31/03/2022;5091
466000;BETANIA;STRONGWIND;BAJO;SÍ;SÍ;31/03/2022;5093
467000;BETANIA;STORM;MODERADO;SÍ;NO;26/08/2023;5091
467000;BETANIA;STORM;MODERADO;SÍ;NO;26/08/2023;5093
468000;BETANIA;FROST;ALTO;SÍ;SÍ;31/07/2023;5091
468000;BETANIA;FROST;ALTO;SÍ;SÍ;31/07/2023;5093
469000;BETANIA;EPIDEMIC;MODERADO;NO;NO;16/11/2023;5091
469000;BETANIA;EPIDEMIC;MODERADO;NO;NO;16/11/2023;5093
470000;BETANIA;FLOOD;BAJO;NO;SÍ;9/01/2022;5091
470000;BETANIA;FLOOD;BAJO;NO;SÍ;9/01/2022;5093
471000;BETANIA;OTHER;ALTO;SÍ;NO;15/01/2022;5091
471000;BETANIA;OTHER;ALTO;SÍ;NO;15/01/2022;5093
472000;BETANIA;LEAK;ALTO;NO;NO;28/08/2022;5091
472000;BETANIA;LEAK;ALTO;NO;NO;28/08/2022;5093
473000;BETANIA;DROUGHT;ALTO;SÍ;SÍ;28/04/2022;5091
473000;BETANIA;DROUGHT;ALTO;SÍ;SÍ;28/04/2022;5093
474000;BETANIA;LANDSLIDE;ALTO;NO;NO;24/04/2023;5091
474000;BETANIA;LANDSLIDE;ALTO;NO;NO;24/04/2023;5093
475000;BETANIA;POLLUTION;ALTO;SÍ;NO;1/10/2023;5091
475000;BETANIA;POLLUTION;ALTO;SÍ;NO;1/10/2023;5093
476000;BETANIA;ERUPTION;ALTO;NO;NO;3/08/2021;5091
476000;BETANIA;ERUPTION;ALTO;NO;NO;3/08/2021;5093
477000;BETANIA;STRUCTURE;MODERADO;SÍ;SÍ;21/05/2022;5091
477000;BETANIA;STRUCTURE;MODERADO;SÍ;SÍ;21/05/2022;5093
478000;BETANIA;INTOXICACION;BAJO;NO;SÍ;5/02/2023;5091
478000;BETANIA;INTOXICACION;BAJO;NO;SÍ;5/02/2023;5093
333000;BETULIA;STRONGWIND;BAJO;SÍ;SÍ;22/11/2021;5093
333000;BETULIA;STRONGWIND;BAJO;SÍ;SÍ;22/11/2021;5091
334000;BETULIA;HAILSTORM;ALTO;NO;SÍ;9/11/2023;5093
334000;BETULIA;HAILSTORM;ALTO;NO;SÍ;9/11/2023;5091
335000;BETULIA;SPATE;BAJO;NO;SÍ;19/08/2021;5093
335000;BETULIA;SPATE;BAJO;NO;SÍ;19/08/2021;5091
336000;BETULIA;PLAGUE;ALTO;SÍ;NO;2/05/2023;5093
336000;BETULIA;PLAGUE;ALTO;SÍ;NO;2/05/2023;5091
337000;BETULIA;DROUGHT;BAJO;NO;NO;17/03/2022;5093
337000;BETULIA;DROUGHT;BAJO;NO;NO;17/03/2022;5091
338000;BETULIA;FORESTFIRE;BAJO;SÍ;SÍ;28/04/2022;5093
338000;BETULIA;FORESTFIRE;BAJO;SÍ;SÍ;28/04/2022;5091
339000;BETULIA;AVALANCHE;MODERADO;SÍ;NO;20/11/2022;5093
339000;BETULIA;AVALANCHE;MODERADO;SÍ;NO;20/11/2022;5091
340000;BETULIA;RAIN;MODERADO;SÍ;SÍ;9/09/2021;5093
340000;BETULIA;RAIN;MODERADO;SÍ;SÍ;9/09/2021;5091
341000;BETULIA;EARTHQUAKE;ALTO;NO;NO;26/12/2022;5093
341000;BETULIA;EARTHQUAKE;ALTO;NO;NO;26/12/2022;5091
342000;BETULIA;LEAK;MODERADO;NO;SÍ;20/03/2023;5093
342000;BETULIA;LEAK;MODERADO;NO;SÍ;20/03/2023;5091
879000;BRICEÑO;FLOOD;MODERADO;NO;NO;9/12/2021;5107
880000;BRICEÑO;SPATE;BAJO;SÍ;SÍ;8/03/2022;5107
881000;BRICEÑO;INTOXICACION;ALTO;SÍ;SÍ;30/11/2021;5107
882000;BRICEÑO;PLAGUE;BAJO;NO;NO;13/09/2023;5107
883000;BRICEÑO;FROST;BAJO;SÍ;SÍ;21/12/2022;5107
1144000;BURITICÁ;STRUCTURE;ALTO;SÍ;SÍ;18/03/2022;5113
1145000;BURITICÁ;AVALANCHE;BAJO;SÍ;SÍ;18/08/2021;5113
1146000;BURITICÁ;FLOOD;BAJO;NO;NO;28/06/2023;5113
1147000;BURITICÁ;FROST;MODERADO;SÍ;NO;8/11/2023;5113
1148000;BURITICÁ;PLAGUE;MODERADO;NO;NO;21/12/2023;5113
1149000;BURITICÁ;ELECTRICSTORM;ALTO;NO;NO;28/12/2022;5113
1150000;BURITICÁ;LEAK;MODERADO;NO;SÍ;7/06/2022;5113
1151000;BURITICÁ;HAILSTORM;ALTO;SÍ;NO;18/03/2023;5113
1152000;BURITICÁ;ERUPTION;ALTO;SÍ;SÍ;13/05/2022;5113
1153000;BURITICÁ;FIRE;ALTO;SÍ;SÍ;6/05/2023;5113
1154000;BURITICÁ;BIOLOGICAL;MODERADO;SÍ;NO;11/08/2023;5113
1155000;BURITICÁ;EPIDEMIC;BAJO;SÍ;NO;6/05/2023;5113
1156000;BURITICÁ;SURGE;MODERADO;NO;SÍ;9/07/2023;5113
1157000;BURITICÁ;LANDSLIDE;MODERADO;NO;NO;4/01/2023;5113
1158000;BURITICÁ;POLLUTION;MODERADO;NO;NO;25/02/2023;5113
1159000;BURITICÁ;OTHER;ALTO;SÍ;NO;27/03/2023;5113
1160000;BURITICÁ;RAIN;ALTO;SÍ;NO;14/03/2022;5113
1161000;BURITICÁ;SPATE;BAJO;SÍ;NO;10/08/2023;5113
382000;CÁCERES;ELECTRICSTORM;BAJO;SÍ;SÍ;10/04/2022;5120
383000;CÁCERES;LANDSLIDE;BAJO;SÍ;SÍ;29/09/2022;5120
384000;CÁCERES;FROST;MODERADO;NO;SÍ;3/06/2022;5120
385000;CÁCERES;RAIN;ALTO;NO;SÍ;24/11/2023;5120
386000;CÁCERES;SURGE;ALTO;NO;NO;12/06/2022;5120
387000;CÁCERES;AVALANCHE;ALTO;SÍ;SÍ;6/04/2022;5120
388000;CÁCERES;SPATE;MODERADO;NO;NO;29/10/2023;5120
389000;CÁCERES;FLOOD;MODERADO;NO;SÍ;17/11/2022;5120
390000;CÁCERES;STORM;BAJO;NO;NO;12/08/2023;5120
391000;CÁCERES;PLAGUE;MODERADO;NO;NO;27/07/2022;5120
392000;CÁCERES;BIOLOGICAL;MODERADO;SÍ;SÍ;30/08/2021;5120
393000;CÁCERES;OTHER;MODERADO;NO;SÍ;20/10/2021;5120
394000;CÁCERES;LEAK;ALTO;SÍ;NO;24/11/2022;5120
395000;CÁCERES;STRUCTURE;ALTO;NO;SÍ;10/07/2022;5120
396000;CÁCERES;ERUPTION;MODERADO;SÍ;NO;26/10/2022;5120
397000;CÁCERES;EARTHQUAKE;ALTO;SÍ;NO;1/11/2023;5120
398000;CÁCERES;STRONGWIND;MODERADO;NO;SÍ;1/05/2023;5120
399000;CÁCERES;INTOXICACION;MODERADO;SÍ;SÍ;24/07/2021;5120
400000;CÁCERES;DROUGHT;BAJO;NO;SÍ;24/08/2023;5120
401000;CÁCERES;FIRE;ALTO;SÍ;NO;8/11/2021;5120
1122000;CAICEDO;SPATE;ALTO;NO;SÍ;11/01/2023;5125
1123000;CAICEDO;RAIN;BAJO;NO;SÍ;4/09/2021;5125
1124000;CAICEDO;POLLUTION;BAJO;SÍ;SÍ;15/06/2023;5125
1125000;CAICEDO;STRUCTURE;MODERADO;NO;SÍ;1/03/2022;5125
1126000;CAICEDO;BIOLOGICAL;ALTO;NO;SÍ;10/01/2023;5125
1127000;CAICEDO;FORESTFIRE;ALTO;NO;NO;11/09/2023;5125
1128000;CAICEDO;FLOOD;ALTO;SÍ;SÍ;7/08/2023;5125
1129000;CAICEDO;FIRE;MODERADO;NO;NO;3/11/2023;5125
564000;CALDAS;FLOOD;BAJO;SÍ;SÍ;23/10/2021;5129
565000;CALDAS;AVALANCHE;ALTO;SÍ;SÍ;25/06/2023;5129
566000;CALDAS;STORM;BAJO;NO;SÍ;9/02/2023;5129
567000;CALDAS;DROUGHT;ALTO;NO;NO;26/04/2022;5129
568000;CALDAS;PLAGUE;MODERADO;NO;SÍ;3/09/2022;5129
569000;CALDAS;INTOXICACION;BAJO;NO;SÍ;24/08/2023;5129
570000;CALDAS;FROST;MODERADO;NO;NO;23/12/2022;5129
571000;CALDAS;FIRE;ALTO;SÍ;SÍ;7/06/2023;5129
572000;CALDAS;LANDSLIDE;MODERADO;NO;NO;15/11/2023;5129
704000;CAMPAMENTO;AVALANCHE;ALTO;SÍ;NO;7/10/2023;5134
705000;CAMPAMENTO;HAILSTORM;BAJO;NO;SÍ;21/05/2023;5134
706000;CAMPAMENTO;STRUCTURE;MODERADO;SÍ;NO;1/08/2021;5134
707000;CAMPAMENTO;FLOOD;BAJO;NO;SÍ;6/01/2023;5134
708000;CAMPAMENTO;LANDSLIDE;BAJO;SÍ;SÍ;12/07/2023;5134
729000;CAÑASGORDAS;STRONGWIND;ALTO;NO;NO;29/11/2022;5138
730000;CAÑASGORDAS;FROST;BAJO;SÍ;NO;31/01/2023;5138
731000;CAÑASGORDAS;SURGE;BAJO;NO;NO;24/11/2022;5138
732000;CAÑASGORDAS;LEAK;BAJO;NO;SÍ;15/10/2022;5138
733000;CAÑASGORDAS;FORESTFIRE;BAJO;NO;NO;30/07/2022;5138
734000;CAÑASGORDAS;HAILSTORM;ALTO;NO;NO;3/01/2023;5138
952000;CARACOLÍ;HAILSTORM;MODERADO;NO;SÍ;27/03/2022;5142
953000;CARACOLÍ;PLAGUE;MODERADO;SÍ;NO;3/08/2023;5142
954000;CARACOLÍ;FLOOD;MODERADO;SÍ;NO;9/11/2023;5142
955000;CARACOLÍ;POLLUTION;BAJO;SÍ;NO;9/10/2023;5142
956000;CARACOLÍ;LANDSLIDE;BAJO;SÍ;NO;8/09/2021;5142
957000;CARACOLÍ;FORESTFIRE;ALTO;SÍ;NO;13/04/2022;5142
958000;CARACOLÍ;EPIDEMIC;BAJO;NO;NO;15/12/2022;5142
959000;CARACOLÍ;SPATE;MODERADO;SÍ;SÍ;18/02/2022;5142
960000;CARACOLÍ;SURGE;ALTO;NO;SÍ;28/03/2023;5142
961000;CARACOLÍ;FROST;BAJO;NO;NO;27/10/2021;5142
962000;CARACOLÍ;BIOLOGICAL;ALTO;NO;NO;10/10/2022;5142
963000;CARACOLÍ;EARTHQUAKE;BAJO;NO;SÍ;12/10/2023;5142
964000;CARACOLÍ;RAIN;BAJO;NO;SÍ;31/12/2023;5142
965000;CARACOLÍ;DROUGHT;MODERADO;NO;NO;20/02/2023;5142
966000;CARACOLÍ;OTHER;ALTO;NO;SÍ;10/02/2022;5142
967000;CARACOLÍ;STRUCTURE;BAJO;SÍ;SÍ;29/03/2023;5142
968000;CARACOLÍ;STRONGWIND;MODERADO;NO;NO;2/02/2022;5142
969000;CARACOLÍ;INTOXICACION;BAJO;NO;NO;21/09/2023;5142
970000;CARACOLÍ;ELECTRICSTORM;MODERADO;SÍ;SÍ;25/01/2023;5142
892000;CARAMANTA;FIRE;MODERADO;SÍ;NO;13/11/2023;5145
893000;CARAMANTA;PLAGUE;MODERADO;SÍ;SÍ;22/01/2022;5145
894000;CARAMANTA;ERUPTION;BAJO;SÍ;NO;8/01/2022;5145
895000;CARAMANTA;HAILSTORM;MODERADO;SÍ;SÍ;6/05/2022;5145
896000;CARAMANTA;OTHER;MODERADO;SÍ;NO;2/10/2023;5145
897000;CARAMANTA;SURGE;ALTO;NO;SÍ;21/03/2023;5145
1000;CAREPA;BIOLOGICAL;BAJO;NO;NO;19/12/2021;5147
2000;CAREPA;FIRE;MODERADO;SÍ;NO;12/11/2022;5147
3000;CAREPA;STRUCTURE;MODERADO;SÍ;SÍ;17/12/2022;5147
4000;CAREPA;SURGE;MODERADO;NO;NO;26/12/2021;5147
5000;CAREPA;ELECTRICSTORM;MODERADO;SÍ;NO;20/06/2022;5147
6000;CAREPA;FLOOD;ALTO;NO;SÍ;6/12/2021;5147
7000;CAREPA;DROUGHT;ALTO;NO;NO;14/10/2022;5147
8000;CAREPA;LANDSLIDE;MODERADO;SÍ;NO;26/08/2023;5147
9000;CAREPA;RAIN;BAJO;NO;SÍ;15/04/2023;5147
10000;CAREPA;SPATE;BAJO;SÍ;SÍ;21/04/2022;5147
1066000;CAROLINA DEL PRÍNCIPE;STRONGWIND;BAJO;NO;SÍ;10/11/2021;5150
1067000;CAROLINA DEL PRÍNCIPE;STORM;ALTO;NO;NO;22/02/2022;5150
1068000;CAROLINA DEL PRÍNCIPE;PLAGUE;ALTO;SÍ;NO;15/10/2023;5150
1069000;CAROLINA DEL PRÍNCIPE;FIRE;ALTO;SÍ;NO;3/05/2023;5150
1070000;CAROLINA DEL PRÍNCIPE;RAIN;ALTO;SÍ;NO;18/02/2022;5150
1071000;CAROLINA DEL PRÍNCIPE;STRUCTURE;BAJO;NO;NO;12/01/2023;5150
1072000;CAROLINA DEL PRÍNCIPE;BIOLOGICAL;ALTO;SÍ;SÍ;27/08/2023;5150
1073000;CAROLINA DEL PRÍNCIPE;POLLUTION;BAJO;SÍ;SÍ;26/05/2022;5150
1074000;CAROLINA DEL PRÍNCIPE;FROST;BAJO;NO;SÍ;4/05/2022;5150
1075000;CAROLINA DEL PRÍNCIPE;EPIDEMIC;MODERADO;NO;NO;30/12/2022;5150
1076000;CAROLINA DEL PRÍNCIPE;SURGE;MODERADO;NO;SÍ;25/11/2023;5150
1077000;CAROLINA DEL PRÍNCIPE;ELECTRICSTORM;MODERADO;NO;SÍ;18/07/2023;5150
1078000;CAROLINA DEL PRÍNCIPE;FLOOD;MODERADO;SÍ;NO;22/06/2023;5150
107000;CAUCASIA;DROUGHT;MODERADO;NO;NO;4/09/2023;5154
108000;CAUCASIA;SURGE;BAJO;SÍ;NO;31/07/2022;5154
109000;CAUCASIA;RAIN;BAJO;NO;NO;8/04/2023;5154
110000;CAUCASIA;ERUPTION;BAJO;NO;NO;8/07/2022;5154
218000;CHIGORODÓ;STORM;ALTO;SÍ;SÍ;29/11/2023;5172
219000;CHIGORODÓ;PLAGUE;BAJO;NO;SÍ;21/04/2023;5172
220000;CHIGORODÓ;BIOLOGICAL;BAJO;NO;NO;3/06/2023;5172
221000;CHIGORODÓ;SURGE;BAJO;NO;NO;20/12/2023;5172
222000;CHIGORODÓ;RAIN;ALTO;SÍ;NO;16/04/2023;5172
223000;CHIGORODÓ;STRONGWIND;MODERADO;SÍ;SÍ;20/01/2023;5172
224000;CHIGORODÓ;DROUGHT;BAJO;NO;NO;13/02/2023;5172
225000;CHIGORODÓ;OTHER;BAJO;NO;NO;8/09/2022;5172
226000;CHIGORODÓ;ERUPTION;MODERADO;SÍ;NO;18/10/2021;5172
227000;CHIGORODÓ;EARTHQUAKE;BAJO;SÍ;NO;23/07/2022;5172
228000;CHIGORODÓ;LEAK;BAJO;NO;NO;23/08/2022;5172
229000;CHIGORODÓ;FIRE;MODERADO;NO;SÍ;18/08/2023;5172
230000;CHIGORODÓ;STRUCTURE;MODERADO;SÍ;SÍ;17/08/2022;5172
231000;CHIGORODÓ;ELECTRICSTORM;BAJO;NO;NO;18/08/2022;5172
1084000;CISNEROS;AVALANCHE;ALTO;SÍ;SÍ;30/09/2023;5190
1085000;CISNEROS;FIRE;MODERADO;NO;SÍ;21/12/2022;5190
1086000;CISNEROS;FORESTFIRE;MODERADO;SÍ;NO;29/10/2022;5190
1087000;CISNEROS;PLAGUE;ALTO;NO;NO;24/03/2022;5190
1088000;CISNEROS;ELECTRICSTORM;BAJO;NO;NO;9/08/2022;5190
1089000;CISNEROS;LANDSLIDE;MODERADO;NO;SÍ;28/10/2022;5190
1090000;CISNEROS;LEAK;MODERADO;NO;NO;28/06/2023;5190
1091000;CISNEROS;OTHER;MODERADO;SÍ;NO;14/02/2022;5190
830000;CIUDAD BOLÍVAR;LEAK;BAJO;SÍ;SÍ;30/10/2023;5101
831000;CIUDAD BOLÍVAR;FIRE;BAJO;SÍ;SÍ;25/09/2023;5101
832000;CIUDAD BOLÍVAR;STORM;ALTO;SÍ;NO;20/10/2023;5101
833000;CIUDAD BOLÍVAR;ERUPTION;MODERADO;NO;SÍ;28/06/2023;5101
834000;CIUDAD BOLÍVAR;INTOXICACION;ALTO;SÍ;NO;27/10/2022;5101
835000;CIUDAD BOLÍVAR;POLLUTION;ALTO;NO;SÍ;18/06/2023;5101
836000;CIUDAD BOLÍVAR;DROUGHT;ALTO;SÍ;NO;16/02/2022;5101
837000;CIUDAD BOLÍVAR;EARTHQUAKE;ALTO;SÍ;SÍ;24/03/2022;5101
838000;CIUDAD BOLÍVAR;BIOLOGICAL;MODERADO;NO;SÍ;14/12/2022;5101
839000;CIUDAD BOLÍVAR;PLAGUE;MODERADO;SÍ;NO;26/09/2021;5101
840000;CIUDAD BOLÍVAR;HAILSTORM;ALTO;NO;SÍ;6/09/2022;5101
1060000;COCORNÁ;FIRE;BAJO;SÍ;SÍ;28/11/2021;5197
1061000;COCORNÁ;ELECTRICSTORM;ALTO;NO;SÍ;15/10/2023;5197
1062000;COCORNÁ;STRUCTURE;MODERADO;NO;NO;22/09/2021;5197
1063000;COCORNÁ;STRONGWIND;ALTO;NO;SÍ;11/07/2023;5197
1064000;COCORNÁ;AVALANCHE;BAJO;NO;NO;18/12/2023;5197
1065000;COCORNÁ;STORM;MODERADO;SÍ;NO;19/01/2023;5197
1227000;CONCEPCIÓN;SPATE;MODERADO;SÍ;SÍ;1/02/2023;5206
1228000;CONCEPCIÓN;ELECTRICSTORM;ALTO;SÍ;SÍ;18/10/2021;5206
1229000;CONCEPCIÓN;POLLUTION;BAJO;SÍ;SÍ;13/09/2022;5206
1230000;CONCEPCIÓN;LANDSLIDE;ALTO;NO;SÍ;19/09/2023;5206
643000;CONCORDIA;INTOXICACION;BAJO;NO;NO;16/12/2021;5209
643000;CONCORDIA;INTOXICACION;BAJO;NO;NO;16/12/2021;5197
644000;CONCORDIA;FORESTFIRE;BAJO;NO;SÍ;10/04/2022;5209
644000;CONCORDIA;FORESTFIRE;BAJO;NO;SÍ;10/04/2022;5197
645000;CONCORDIA;ERUPTION;MODERADO;NO;SÍ;5/09/2022;5209
645000;CONCORDIA;ERUPTION;MODERADO;NO;SÍ;5/09/2022;5197
11000;COPACABANA;FIRE;BAJO;SÍ;NO;17/12/2021;5212
12000;COPACABANA;AVALANCHE;BAJO;NO;NO;20/09/2022;5212
13000;COPACABANA;FORESTFIRE;MODERADO;NO;SÍ;7/04/2022;5212
14000;COPACABANA;STRONGWIND;ALTO;NO;SÍ;29/08/2022;5212
15000;COPACABANA;SURGE;BAJO;NO;NO;18/10/2021;5212
16000;COPACABANA;FROST;ALTO;SÍ;SÍ;23/12/2022;5212
17000;COPACABANA;LANDSLIDE;BAJO;SÍ;SÍ;21/02/2022;5212
18000;COPACABANA;HAILSTORM;ALTO;SÍ;NO;22/10/2021;5212
19000;COPACABANA;STRUCTURE;ALTO;NO;NO;26/04/2022;5212
20000;COPACABANA;SPATE;MODERADO;NO;SÍ;3/02/2022;5212
21000;COPACABANA;EPIDEMIC;ALTO;SÍ;NO;4/01/2022;5212
22000;COPACABANA;LEAK;MODERADO;NO;NO;8/05/2023;5212
23000;COPACABANA;POLLUTION;MODERADO;SÍ;NO;6/02/2022;5212
24000;COPACABANA;DROUGHT;BAJO;NO;NO;23/11/2021;5212
25000;COPACABANA;ERUPTION;MODERADO;NO;SÍ;16/04/2022;5212
26000;COPACABANA;PLAGUE;BAJO;SÍ;NO;23/02/2022;5212
27000;COPACABANA;OTHER;ALTO;NO;SÍ;8/09/2023;5212
28000;COPACABANA;INTOXICACION;BAJO;SÍ;NO;25/05/2023;5212
29000;COPACABANA;EARTHQUAKE;MODERADO;SÍ;NO;1/02/2022;5212
30000;COPACABANA;STORM;MODERADO;NO;NO;3/05/2023;5212
31000;DABEIBA;EPIDEMIC;MODERADO;SÍ;NO;17/08/2023;5234
32000;DABEIBA;BIOLOGICAL;MODERADO;SÍ;NO;27/02/2023;5234
33000;DABEIBA;LANDSLIDE;ALTO;NO;SÍ;11/02/2022;5234
34000;DABEIBA;SURGE;BAJO;NO;NO;8/05/2022;5234
761000;DONMATÍAS;STRONGWIND;MODERADO;SÍ;SÍ;4/07/2022;5237
762000;DONMATÍAS;FORESTFIRE;BAJO;NO;SÍ;13/02/2023;5237
763000;DONMATÍAS;EARTHQUAKE;ALTO;SÍ;NO;30/07/2022;5237
764000;DONMATÍAS;FIRE;BAJO;NO;SÍ;26/11/2023;5237
765000;DONMATÍAS;LEAK;ALTO;SÍ;NO;28/08/2022;5237
766000;DONMATÍAS;LANDSLIDE;ALTO;SÍ;NO;7/10/2021;5237
767000;DONMATÍAS;OTHER;MODERADO;NO;NO;7/04/2023;5237
768000;DONMATÍAS;ERUPTION;MODERADO;SÍ;NO;28/11/2022;5237
769000;DONMATÍAS;PLAGUE;BAJO;NO;NO;9/11/2022;5237
770000;DONMATÍAS;HAILSTORM;BAJO;NO;NO;13/12/2023;5237
771000;DONMATÍAS;BIOLOGICAL;ALTO;NO;SÍ;9/07/2022;5237
772000;DONMATÍAS;STRUCTURE;MODERADO;NO;SÍ;11/10/2021;5237
69000;EBÉJICO;ELECTRICSTORM;ALTO;NO;SÍ;5/12/2021;5240
70000;EBÉJICO;BIOLOGICAL;MODERADO;SÍ;NO;28/09/2021;5240
71000;EBÉJICO;HAILSTORM;ALTO;NO;NO;21/02/2023;5240
72000;EBÉJICO;INTOXICACION;BAJO;SÍ;SÍ;22/11/2023;5240
73000;EBÉJICO;DROUGHT;BAJO;NO;NO;20/08/2022;5240
74000;EBÉJICO;FLOOD;BAJO;SÍ;SÍ;20/12/2021;5240
75000;EBÉJICO;POLLUTION;BAJO;SÍ;NO;28/07/2023;5240
76000;EBÉJICO;EARTHQUAKE;ALTO;SÍ;SÍ;28/11/2021;5240
77000;EBÉJICO;STRUCTURE;ALTO;NO;SÍ;18/05/2022;5240
78000;EBÉJICO;FIRE;ALTO;SÍ;SÍ;4/02/2023;5240
79000;EBÉJICO;LANDSLIDE;MODERADO;SÍ;SÍ;16/10/2022;5240
80000;EBÉJICO;FROST;BAJO;NO;SÍ;14/03/2022;5240
81000;EBÉJICO;ERUPTION;ALTO;NO;NO;13/03/2023;5240
82000;EBÉJICO;LEAK;MODERADO;NO;NO;30/07/2023;5240
83000;EBÉJICO;STORM;ALTO;NO;SÍ;21/06/2022;5240
84000;EBÉJICO;OTHER;BAJO;SÍ;SÍ;21/03/2022;5240
85000;EBÉJICO;SPATE;BAJO;NO;SÍ;5/11/2023;5240
86000;EBÉJICO;RAIN;MODERADO;SÍ;SÍ;7/03/2022;5240
589000;EL BAGRE;RAIN;MODERADO;SÍ;NO;12/07/2022;5250
590000;EL BAGRE;AVALANCHE;MODERADO;SÍ;SÍ;18/07/2023;5250
591000;EL BAGRE;LEAK;BAJO;SÍ;NO;17/09/2021;5250
592000;EL BAGRE;HAILSTORM;ALTO;SÍ;NO;18/11/2023;5250
593000;EL BAGRE;OTHER;BAJO;SÍ;SÍ;28/01/2022;5250
1208000;EL CARMEN DE VIBORAL;HAILSTORM;MODERADO;SÍ;SÍ;31/08/2023;5148
1209000;EL CARMEN DE VIBORAL;STORM;MODERADO;SÍ;NO;13/03/2022;5148
1210000;EL CARMEN DE VIBORAL;EPIDEMIC;BAJO;NO;SÍ;18/12/2022;5148
1211000;EL CARMEN DE VIBORAL;DROUGHT;BAJO;NO;SÍ;19/12/2022;5148
1212000;EL CARMEN DE VIBORAL;PLAGUE;MODERADO;NO;SÍ;26/10/2023;5148
1213000;EL CARMEN DE VIBORAL;STRONGWIND;BAJO;NO;SÍ;24/10/2022;5148
1214000;EL CARMEN DE VIBORAL;AVALANCHE;BAJO;SÍ;NO;31/05/2022;5148
1215000;EL CARMEN DE VIBORAL;OTHER;ALTO;SÍ;SÍ;22/02/2023;5148
1216000;EL CARMEN DE VIBORAL;RAIN;MODERADO;SÍ;NO;28/12/2022;5148
1217000;EL CARMEN DE VIBORAL;ELECTRICSTORM;MODERADO;NO;SÍ;16/11/2022;5148
1218000;EL CARMEN DE VIBORAL;BIOLOGICAL;BAJO;NO;SÍ;26/07/2022;5148
1219000;EL CARMEN DE VIBORAL;LEAK;BAJO;SÍ;SÍ;22/12/2021;5148
1220000;EL CARMEN DE VIBORAL;SURGE;ALTO;NO;NO;22/10/2021;5148
1221000;EL CARMEN DE VIBORAL;INTOXICACION;ALTO;NO;SÍ;1/09/2022;5148
1222000;EL CARMEN DE VIBORAL;EARTHQUAKE;BAJO;NO;SÍ;31/12/2022;5148
1223000;EL CARMEN DE VIBORAL;STRUCTURE;MODERADO;SÍ;SÍ;31/05/2023;5148
1224000;EL CARMEN DE VIBORAL;LANDSLIDE;ALTO;SÍ;SÍ;25/06/2022;5148
1225000;EL CARMEN DE VIBORAL;ERUPTION;MODERADO;SÍ;NO;24/08/2021;5148
1226000;EL CARMEN DE VIBORAL;FIRE;BAJO;NO;NO;17/06/2023;5148
924000;EL PEÑOL;STORM;ALTO;NO;SÍ;22/03/2023;5541
925000;EL PEÑOL;RAIN;MODERADO;NO;NO;30/04/2023;5541
926000;EL PEÑOL;FIRE;MODERADO;SÍ;SÍ;27/04/2023;5541
927000;EL PEÑOL;EPIDEMIC;BAJO;NO;NO;30/09/2021;5541
928000;EL PEÑOL;FLOOD;MODERADO;NO;SÍ;29/08/2022;5541
929000;EL PEÑOL;AVALANCHE;BAJO;NO;SÍ;14/04/2023;5541
930000;EL PEÑOL;LEAK;BAJO;SÍ;NO;30/03/2022;5541
931000;EL PEÑOL;FORESTFIRE;MODERADO;SÍ;NO;27/11/2022;5541
932000;EL PEÑOL;ERUPTION;BAJO;NO;SÍ;28/12/2023;5541
933000;EL PEÑOL;LANDSLIDE;MODERADO;SÍ;SÍ;21/10/2022;5541
417000;EL SANTUARIO;PLAGUE;MODERADO;NO;NO;28/08/2023;5697
418000;EL SANTUARIO;BIOLOGICAL;MODERADO;NO;NO;8/11/2023;5697
419000;EL SANTUARIO;STORM;BAJO;SÍ;NO;16/08/2021;5697
420000;EL SANTUARIO;SPATE;MODERADO;SÍ;SÍ;21/10/2021;5697
421000;EL SANTUARIO;POLLUTION;ALTO;SÍ;SÍ;30/01/2022;5697
422000;EL SANTUARIO;INTOXICACION;MODERADO;SÍ;NO;21/08/2023;5697
423000;EL SANTUARIO;EARTHQUAKE;ALTO;SÍ;NO;24/11/2021;5697
424000;EL SANTUARIO;LANDSLIDE;MODERADO;NO;SÍ;27/12/2022;5697
425000;EL SANTUARIO;FROST;ALTO;SÍ;NO;10/10/2021;5697
426000;EL SANTUARIO;STRUCTURE;ALTO;NO;NO;28/08/2021;5697
427000;EL SANTUARIO;AVALANCHE;ALTO;NO;SÍ;19/11/2022;5697
428000;EL SANTUARIO;LEAK;MODERADO;SÍ;SÍ;1/12/2023;5697
429000;EL SANTUARIO;FLOOD;MODERADO;NO;NO;11/01/2022;5697
430000;EL SANTUARIO;HAILSTORM;MODERADO;NO;SÍ;5/09/2023;5697
431000;EL SANTUARIO;RAIN;ALTO;SÍ;SÍ;21/09/2023;5697
432000;EL SANTUARIO;FORESTFIRE;ALTO;SÍ;SÍ;3/03/2023;5697
433000;EL SANTUARIO;ELECTRICSTORM;MODERADO;NO;SÍ;3/04/2022;5697
434000;EL SANTUARIO;OTHER;MODERADO;NO;NO;16/03/2022;5697
1301000;ENTRERRIOS;FIRE;ALTO;SÍ;SÍ;28/05/2023;5264
1302000;ENTRERRIOS;LANDSLIDE;BAJO;SÍ;NO;28/07/2023;5264
1303000;ENTRERRIOS;OTHER;ALTO;NO;SÍ;20/11/2023;5264
203000;ENVIGADO;STORM;MODERADO;SÍ;NO;25/11/2022;5266
204000;ENVIGADO;SURGE;ALTO;NO;NO;14/06/2022;5266
205000;ENVIGADO;LANDSLIDE;MODERADO;SÍ;SÍ;11/01/2022;5266
206000;ENVIGADO;ELECTRICSTORM;BAJO;SÍ;SÍ;16/12/2023;5266
207000;ENVIGADO;STRONGWIND;ALTO;NO;SÍ;15/07/2023;5266
208000;ENVIGADO;LEAK;BAJO;SÍ;NO;5/09/2021;5266
209000;ENVIGADO;EARTHQUAKE;MODERADO;SÍ;SÍ;29/07/2022;5266
210000;ENVIGADO;OTHER;ALTO;SÍ;NO;5/03/2023;5266
211000;ENVIGADO;STRUCTURE;BAJO;SÍ;SÍ;22/04/2022;5266
212000;ENVIGADO;HAILSTORM;MODERADO;NO;SÍ;6/05/2022;5266
213000;ENVIGADO;FROST;MODERADO;NO;NO;17/11/2023;5266
214000;ENVIGADO;AVALANCHE;MODERADO;SÍ;NO;13/03/2023;5266
215000;ENVIGADO;EPIDEMIC;MODERADO;SÍ;SÍ;31/03/2023;5266
216000;ENVIGADO;POLLUTION;BAJO;NO;SÍ;5/03/2023;5266
217000;ENVIGADO;DROUGHT;BAJO;NO;NO;17/05/2022;5266
232000;FREDONIA;BIOLOGICAL;BAJO;NO;SÍ;1/12/2021;5282
233000;FREDONIA;AVALANCHE;BAJO;SÍ;SÍ;18/06/2023;5282
234000;FREDONIA;FORESTFIRE;MODERADO;SÍ;NO;14/09/2021;5282
235000;FREDONIA;LEAK;BAJO;NO;SÍ;14/03/2023;5282
236000;FREDONIA;STRUCTURE;BAJO;NO;SÍ;24/03/2022;5282
237000;FREDONIA;SPATE;BAJO;NO;NO;16/12/2023;5282
238000;FREDONIA;RAIN;MODERADO;SÍ;NO;7/09/2023;5282
239000;FREDONIA;ERUPTION;BAJO;NO;SÍ;8/07/2022;5282
240000;FREDONIA;STRONGWIND;MODERADO;NO;SÍ;11/02/2022;5282
241000;FREDONIA;FROST;ALTO;NO;SÍ;29/06/2023;5282
242000;FREDONIA;POLLUTION;BAJO;SÍ;NO;30/03/2022;5282
243000;FREDONIA;ELECTRICSTORM;BAJO;SÍ;NO;4/06/2023;5282
244000;FREDONIA;FIRE;ALTO;NO;SÍ;17/08/2022;5282
245000;FREDONIA;PLAGUE;BAJO;NO;SÍ;22/02/2023;5282
246000;FREDONIA;HAILSTORM;MODERADO;NO;NO;17/12/2023;5282
631000;FRONTINO;FLOOD;BAJO;NO;SÍ;8/09/2023;5284
632000;FRONTINO;STORM;MODERADO;SÍ;SÍ;15/11/2022;5284
633000;FRONTINO;POLLUTION;ALTO;SÍ;SÍ;9/08/2022;5284
634000;FRONTINO;PLAGUE;MODERADO;NO;SÍ;17/07/2023;5284
635000;FRONTINO;BIOLOGICAL;ALTO;NO;SÍ;22/03/2022;5284
636000;FRONTINO;STRUCTURE;MODERADO;NO;NO;10/07/2022;5284
637000;FRONTINO;LEAK;BAJO;SÍ;SÍ;8/03/2022;5284
638000;FRONTINO;ELECTRICSTORM;MODERADO;NO;NO;4/01/2024;5284
639000;FRONTINO;INTOXICACION;BAJO;NO;SÍ;30/01/2022;5284
640000;FRONTINO;HAILSTORM;ALTO;NO;NO;18/05/2023;5284
641000;FRONTINO;FROST;MODERADO;NO;NO;28/11/2023;5284
642000;FRONTINO;SURGE;BAJO;SÍ;NO;5/05/2023;5284
997000;GIRALDO;STORM;BAJO;NO;SÍ;11/04/2023;5306
998000;GIRALDO;HAILSTORM;MODERADO;SÍ;SÍ;27/04/2023;5306
999000;GIRALDO;EPIDEMIC;ALTO;NO;SÍ;23/10/2021;5306
1000000;GIRALDO;SURGE;ALTO;SÍ;NO;28/11/2022;5306
1001000;GIRALDO;LEAK;MODERADO;NO;NO;1/01/2024;5306
1002000;GIRALDO;STRUCTURE;ALTO;NO;SÍ;27/11/2023;5306
1003000;GIRALDO;STRONGWIND;ALTO;SÍ;SÍ;13/09/2021;5306
1004000;GIRALDO;FLOOD;BAJO;NO;NO;29/07/2021;5306
1005000;GIRALDO;POLLUTION;BAJO;NO;SÍ;15/02/2023;5306
1006000;GIRALDO;BIOLOGICAL;MODERADO;NO;SÍ;16/09/2022;5306
1007000;GIRALDO;FIRE;MODERADO;SÍ;SÍ;5/01/2024;5306
1008000;GIRALDO;ELECTRICSTORM;BAJO;NO;NO;13/02/2022;5306
1009000;GIRALDO;SPATE;ALTO;SÍ;NO;17/02/2023;5306
1010000;GIRALDO;FORESTFIRE;BAJO;SÍ;SÍ;2/04/2023;5306
1011000;GIRALDO;PLAGUE;BAJO;NO;NO;16/03/2023;5306
1012000;GIRALDO;ERUPTION;ALTO;SÍ;SÍ;8/12/2022;5306
1013000;GIRALDO;FROST;BAJO;NO;SÍ;24/01/2022;5306
709000;GIRARDOTA;PLAGUE;BAJO;SÍ;SÍ;5/02/2023;5308
709000;GIRARDOTA;PLAGUE;BAJO;SÍ;SÍ;5/02/2023;5306
710000;GIRARDOTA;FROST;MODERADO;NO;NO;4/04/2023;5308
710000;GIRARDOTA;FROST;MODERADO;NO;NO;4/04/2023;5306
711000;GIRARDOTA;DROUGHT;BAJO;NO;SÍ;1/08/2023;5308
711000;GIRARDOTA;DROUGHT;BAJO;NO;SÍ;1/08/2023;5306
712000;GIRARDOTA;ELECTRICSTORM;MODERADO;NO;NO;10/06/2022;5308
712000;GIRARDOTA;ELECTRICSTORM;MODERADO;NO;NO;10/06/2022;5306
713000;GIRARDOTA;OTHER;MODERADO;NO;SÍ;14/12/2021;5308
713000;GIRARDOTA;OTHER;MODERADO;NO;SÍ;14/12/2021;5306
714000;GIRARDOTA;EPIDEMIC;ALTO;SÍ;SÍ;21/05/2023;5308
714000;GIRARDOTA;EPIDEMIC;ALTO;SÍ;SÍ;21/05/2023;5306
715000;GIRARDOTA;LEAK;ALTO;NO;NO;29/06/2022;5308
715000;GIRARDOTA;LEAK;ALTO;NO;NO;29/06/2022;5306
716000;GIRARDOTA;RAIN;BAJO;SÍ;NO;9/03/2023;5308
716000;GIRARDOTA;RAIN;BAJO;SÍ;NO;9/03/2023;5306
717000;GIRARDOTA;STORM;ALTO;SÍ;SÍ;26/09/2021;5308
717000;GIRARDOTA;STORM;ALTO;SÍ;SÍ;26/09/2021;5306
718000;GIRARDOTA;SPATE;MODERADO;NO;SÍ;3/08/2023;5308
718000;GIRARDOTA;SPATE;MODERADO;NO;SÍ;3/08/2023;5306
719000;GIRARDOTA;FLOOD;MODERADO;SÍ;NO;10/02/2022;5308
719000;GIRARDOTA;FLOOD;MODERADO;SÍ;NO;10/02/2022;5306
720000;GIRARDOTA;AVALANCHE;MODERADO;SÍ;SÍ;8/10/2023;5308
720000;GIRARDOTA;AVALANCHE;MODERADO;SÍ;SÍ;8/10/2023;5306
721000;GIRARDOTA;STRONGWIND;ALTO;NO;SÍ;21/09/2022;5308
721000;GIRARDOTA;STRONGWIND;ALTO;NO;SÍ;21/09/2022;5306
722000;GIRARDOTA;EARTHQUAKE;MODERADO;SÍ;NO;3/12/2022;5308
722000;GIRARDOTA;EARTHQUAKE;MODERADO;SÍ;NO;3/12/2022;5306
723000;GIRARDOTA;LANDSLIDE;BAJO;SÍ;SÍ;25/01/2023;5308
723000;GIRARDOTA;LANDSLIDE;BAJO;SÍ;SÍ;25/01/2023;5306
724000;GIRARDOTA;ERUPTION;MODERADO;NO;NO;11/08/2021;5308
724000;GIRARDOTA;ERUPTION;MODERADO;NO;NO;11/08/2021;5306
725000;GIRARDOTA;INTOXICACION;BAJO;NO;SÍ;20/11/2021;5308
725000;GIRARDOTA;INTOXICACION;BAJO;NO;SÍ;20/11/2021;5306
726000;GIRARDOTA;STRUCTURE;BAJO;NO;SÍ;16/03/2022;5308
726000;GIRARDOTA;STRUCTURE;BAJO;NO;SÍ;16/03/2022;5306
727000;GIRARDOTA;POLLUTION;MODERADO;SÍ;SÍ;26/01/2022;5308
727000;GIRARDOTA;POLLUTION;MODERADO;SÍ;SÍ;26/01/2022;5306
728000;GIRARDOTA;HAILSTORM;BAJO;NO;SÍ;21/12/2023;5308
728000;GIRARDOTA;HAILSTORM;BAJO;NO;SÍ;21/12/2023;5306
841000;GÓMEZ PLATA;OTHER;BAJO;NO;SÍ;15/02/2023;5310
842000;GÓMEZ PLATA;LANDSLIDE;BAJO;SÍ;SÍ;16/11/2023;5310
843000;GÓMEZ PLATA;HAILSTORM;MODERADO;SÍ;SÍ;3/04/2022;5310
844000;GÓMEZ PLATA;LEAK;MODERADO;NO;NO;13/02/2023;5310
845000;GÓMEZ PLATA;FIRE;ALTO;SÍ;NO;27/07/2021;5310
846000;GÓMEZ PLATA;SURGE;ALTO;NO;NO;25/01/2023;5310
847000;GÓMEZ PLATA;FORESTFIRE;ALTO;SÍ;SÍ;25/06/2023;5310
848000;GÓMEZ PLATA;ELECTRICSTORM;BAJO;SÍ;NO;28/07/2021;5310
849000;GÓMEZ PLATA;STORM;ALTO;NO;SÍ;4/05/2022;5310
850000;GÓMEZ PLATA;AVALANCHE;MODERADO;SÍ;SÍ;9/02/2023;5310
851000;GÓMEZ PLATA;INTOXICACION;MODERADO;NO;NO;17/07/2023;5310
852000;GÓMEZ PLATA;FLOOD;BAJO;NO;SÍ;21/07/2022;5310
884000;GRANADA;LANDSLIDE;ALTO;SÍ;NO;28/07/2021;5313
885000;GRANADA;ERUPTION;MODERADO;SÍ;NO;11/10/2022;5313
886000;GRANADA;SURGE;MODERADO;NO;SÍ;25/02/2023;5313
887000;GRANADA;BIOLOGICAL;MODERADO;NO;NO;18/10/2022;5313
888000;GRANADA;AVALANCHE;BAJO;NO;NO;7/09/2022;5313
889000;GRANADA;EPIDEMIC;MODERADO;SÍ;SÍ;2/02/2022;5313
890000;GRANADA;EARTHQUAKE;MODERADO;NO;SÍ;16/07/2022;5313
891000;GRANADA;FLOOD;MODERADO;NO;NO;13/02/2022;5313
1328000;GUADALUPE;FORESTFIRE;MODERADO;SÍ;NO;14/08/2022;5315
1328000;GUADALUPE;FORESTFIRE;MODERADO;SÍ;NO;14/08/2022;5321
1329000;GUADALUPE;SPATE;ALTO;NO;NO;22/11/2021;5315
1329000;GUADALUPE;SPATE;ALTO;NO;NO;22/11/2021;5321
1330000;GUADALUPE;OTHER;ALTO;SÍ;SÍ;19/11/2023;5315
1330000;GUADALUPE;OTHER;ALTO;SÍ;SÍ;19/11/2023;5321
1331000;GUADALUPE;AVALANCHE;ALTO;SÍ;SÍ;8/07/2023;5315
1331000;GUADALUPE;AVALANCHE;ALTO;SÍ;SÍ;8/07/2023;5321
1332000;GUADALUPE;STRONGWIND;MODERADO;NO;SÍ;19/02/2022;5315
1332000;GUADALUPE;STRONGWIND;MODERADO;NO;SÍ;19/02/2022;5321
1333000;GUADALUPE;ERUPTION;MODERADO;NO;NO;28/02/2022;5315
1333000;GUADALUPE;ERUPTION;MODERADO;NO;NO;28/02/2022;5321
1334000;GUADALUPE;EPIDEMIC;MODERADO;NO;NO;18/09/2021;5315
1334000;GUADALUPE;EPIDEMIC;MODERADO;NO;NO;18/09/2021;5321
1335000;GUADALUPE;LEAK;ALTO;SÍ;NO;7/03/2022;5315
1335000;GUADALUPE;LEAK;ALTO;SÍ;NO;7/03/2022;5321
1035000;GUARNE;FROST;ALTO;SÍ;SÍ;29/09/2021;5318
1036000;GUARNE;OTHER;BAJO;SÍ;SÍ;24/08/2022;5318
1037000;GUARNE;ERUPTION;MODERADO;NO;SÍ;28/08/2022;5318
1038000;GUARNE;LANDSLIDE;MODERADO;NO;SÍ;28/11/2021;5318
1039000;GUARNE;HAILSTORM;MODERADO;SÍ;SÍ;11/07/2023;5318
1040000;GUARNE;SPATE;BAJO;SÍ;SÍ;3/11/2021;5318
1041000;GUARNE;EPIDEMIC;ALTO;NO;SÍ;17/06/2022;5318
1042000;GUARNE;POLLUTION;MODERADO;NO;SÍ;29/10/2023;5318
1043000;GUARNE;STORM;BAJO;NO;SÍ;1/06/2022;5318
1044000;GUARNE;AVALANCHE;BAJO;SÍ;SÍ;21/05/2023;5318
550000;GUATAPÉ;LEAK;MODERADO;NO;NO;26/05/2022;5321
551000;GUATAPÉ;INTOXICACION;BAJO;SÍ;SÍ;7/05/2023;5321
552000;GUATAPÉ;OTHER;MODERADO;SÍ;NO;16/11/2022;5321
553000;GUATAPÉ;RAIN;MODERADO;NO;NO;13/12/2023;5321
554000;GUATAPÉ;FROST;ALTO;NO;SÍ;17/01/2023;5321
555000;GUATAPÉ;ERUPTION;MODERADO;NO;SÍ;10/10/2022;5321
556000;GUATAPÉ;PLAGUE;BAJO;NO;NO;28/11/2022;5321
557000;GUATAPÉ;FLOOD;MODERADO;NO;NO;28/04/2022;5321
898000;HELICONIA;RAIN;ALTO;SÍ;NO;8/10/2021;5347
899000;HELICONIA;OTHER;MODERADO;NO;SÍ;7/09/2021;5347
900000;HELICONIA;LEAK;MODERADO;NO;SÍ;16/11/2021;5347
901000;HELICONIA;PLAGUE;BAJO;NO;SÍ;21/04/2023;5347
902000;HELICONIA;INTOXICACION;ALTO;SÍ;NO;5/11/2021;5347
903000;HELICONIA;FIRE;BAJO;NO;SÍ;31/05/2022;5347
904000;HELICONIA;LANDSLIDE;ALTO;SÍ;NO;12/12/2021;5347
905000;HELICONIA;SURGE;ALTO;NO;NO;2/10/2022;5347
906000;HELICONIA;EARTHQUAKE;ALTO;NO;NO;9/10/2023;5347
907000;HELICONIA;SPATE;BAJO;SÍ;SÍ;24/04/2023;5347
908000;HELICONIA;ERUPTION;BAJO;NO;NO;31/03/2022;5347
909000;HELICONIA;EPIDEMIC;ALTO;SÍ;NO;4/09/2022;5347
297000;HISPANIA;ELECTRICSTORM;MODERADO;NO;NO;1/04/2022;5353
298000;HISPANIA;LEAK;BAJO;NO;SÍ;6/06/2022;5353
299000;HISPANIA;SURGE;BAJO;NO;NO;19/01/2023;5353
300000;HISPANIA;LANDSLIDE;ALTO;SÍ;NO;24/12/2023;5353
301000;HISPANIA;STRUCTURE;ALTO;SÍ;SÍ;20/07/2022;5353
482000;ITAGUÍ;FROST;BAJO;NO;SÍ;3/10/2022;5360
483000;ITAGUÍ;OTHER;MODERADO;SÍ;SÍ;16/02/2023;5360
484000;ITAGUÍ;POLLUTION;MODERADO;NO;SÍ;11/05/2022;5360
485000;ITAGUÍ;FORESTFIRE;BAJO;NO;NO;14/12/2023;5360
486000;ITAGUÍ;STRUCTURE;ALTO;NO;NO;25/03/2022;5360
487000;ITAGUÍ;BIOLOGICAL;MODERADO;NO;NO;19/02/2023;5360
488000;ITAGUÍ;EPIDEMIC;BAJO;SÍ;SÍ;10/04/2023;5360
489000;ITAGUÍ;STORM;BAJO;SÍ;SÍ;9/07/2023;5360
490000;ITAGUÍ;STRONGWIND;ALTO;NO;NO;15/08/2022;5360
491000;ITAGUÍ;LEAK;BAJO;NO;NO;21/05/2023;5360
492000;ITAGUÍ;ELECTRICSTORM;BAJO;SÍ;SÍ;9/09/2021;5360
493000;ITAGUÍ;INTOXICACION;BAJO;SÍ;NO;12/11/2021;5360
494000;ITAGUÍ;LANDSLIDE;BAJO;SÍ;NO;29/12/2022;5360
495000;ITAGUÍ;EARTHQUAKE;BAJO;SÍ;NO;6/06/2023;5360
496000;ITAGUÍ;DROUGHT;BAJO;NO;NO;16/10/2023;5360
497000;ITAGUÍ;RAIN;MODERADO;SÍ;NO;14/09/2023;5360
498000;ITAGUÍ;SPATE;MODERADO;SÍ;SÍ;14/08/2022;5360
651000;ITUANGO;FROST;BAJO;SÍ;SÍ;8/04/2023;5361
652000;ITUANGO;AVALANCHE;BAJO;NO;SÍ;5/05/2023;5361
653000;ITUANGO;INTOXICACION;BAJO;SÍ;SÍ;4/11/2023;5361
654000;ITUANGO;STRUCTURE;MODERADO;NO;SÍ;11/02/2023;5361
655000;ITUANGO;RAIN;BAJO;NO;SÍ;15/12/2023;5361
656000;ITUANGO;LEAK;ALTO;NO;NO;15/08/2023;5361
657000;ITUANGO;STRONGWIND;ALTO;NO;NO;24/06/2022;5361
658000;ITUANGO;POLLUTION;ALTO;SÍ;SÍ;11/08/2022;5361
659000;ITUANGO;HAILSTORM;MODERADO;NO;NO;21/02/2022;5361
660000;ITUANGO;PLAGUE;ALTO;SÍ;SÍ;7/08/2022;5361
661000;ITUANGO;BIOLOGICAL;MODERADO;SÍ;NO;27/08/2023;5361
662000;ITUANGO;FORESTFIRE;MODERADO;NO;NO;24/06/2023;5361
663000;ITUANGO;SURGE;BAJO;SÍ;SÍ;6/09/2023;5361
664000;ITUANGO;FIRE;ALTO;NO;NO;12/12/2021;5361
665000;ITUANGO;FLOOD;ALTO;NO;NO;6/12/2022;5361
666000;ITUANGO;OTHER;MODERADO;SÍ;SÍ;6/07/2022;5361
667000;ITUANGO;DROUGHT;BAJO;SÍ;SÍ;12/10/2023;5361
668000;ITUANGO;ERUPTION;BAJO;SÍ;SÍ;23/05/2023;5361
138000;JARDÍN;FORESTFIRE;ALTO;SÍ;NO;31/05/2023;5364
139000;JARDÍN;INTOXICACION;ALTO;SÍ;NO;18/01/2022;5364
140000;JARDÍN;STRUCTURE;ALTO;SÍ;SÍ;5/09/2023;5364
141000;JARDÍN;PLAGUE;MODERADO;NO;NO;18/05/2022;5364
142000;JARDÍN;AVALANCHE;MODERADO;NO;SÍ;1/04/2023;5364
143000;JARDÍN;LEAK;MODERADO;NO;SÍ;11/07/2022;5364
144000;JARDÍN;ELECTRICSTORM;ALTO;SÍ;NO;19/11/2023;5364
145000;JARDÍN;DROUGHT;ALTO;SÍ;NO;6/03/2023;5364
146000;JARDÍN;FROST;MODERADO;NO;NO;26/08/2022;5364
147000;JARDÍN;FLOOD;ALTO;SÍ;NO;30/12/2022;5364
148000;JARDÍN;EPIDEMIC;MODERADO;NO;SÍ;31/01/2022;5364
149000;JARDÍN;RAIN;MODERADO;SÍ;SÍ;26/08/2022;5364
150000;JARDÍN;SURGE;MODERADO;NO;SÍ;9/06/2023;5364
151000;JARDÍN;SPATE;ALTO;SÍ;NO;1/09/2022;5364
152000;JARDÍN;LANDSLIDE;MODERADO;NO;SÍ;3/10/2021;5364
58000;JERICÓ;BIOLOGICAL;ALTO;NO;SÍ;10/11/2023;5368
59000;JERICÓ;STRONGWIND;ALTO;NO;SÍ;19/09/2023;5368
60000;JERICÓ;HAILSTORM;BAJO;SÍ;NO;15/10/2022;5368
61000;JERICÓ;SPATE;BAJO;NO;NO;23/11/2023;5368
62000;JERICÓ;FROST;MODERADO;NO;SÍ;28/01/2023;5368
63000;JERICÓ;FIRE;ALTO;SÍ;SÍ;29/12/2021;5368
64000;JERICÓ;OTHER;MODERADO;SÍ;SÍ;20/07/2023;5368
65000;JERICÓ;STRUCTURE;MODERADO;NO;NO;19/01/2022;5368
66000;JERICÓ;RAIN;ALTO;NO;SÍ;5/06/2022;5368
67000;JERICÓ;INTOXICACION;ALTO;NO;NO;24/02/2022;5368
68000;JERICÓ;FORESTFIRE;BAJO;SÍ;NO;29/08/2021;5368
285000;LA CEJA;EARTHQUAKE;BAJO;NO;NO;16/12/2023;5376
286000;LA CEJA;FLOOD;ALTO;SÍ;NO;10/11/2021;5376
287000;LA CEJA;POLLUTION;MODERADO;SÍ;NO;11/08/2021;5376
288000;LA CEJA;LEAK;ALTO;SÍ;NO;18/10/2021;5376
289000;LA CEJA;OTHER;ALTO;NO;SÍ;28/07/2022;5376
290000;LA CEJA;INTOXICACION;ALTO;NO;NO;15/04/2022;5376
291000;LA CEJA;HAILSTORM;MODERADO;NO;NO;1/10/2023;5376
292000;LA CEJA;EPIDEMIC;MODERADO;NO;SÍ;6/02/2022;5376
293000;LA CEJA;PLAGUE;ALTO;SÍ;NO;25/11/2022;5376
294000;LA CEJA;LANDSLIDE;MODERADO;SÍ;NO;17/03/2022;5376
295000;LA CEJA;FROST;MODERADO;NO;NO;9/10/2021;5376
296000;LA CEJA;SURGE;ALTO;NO;SÍ;20/08/2022;5376
271000;LA ESTRELLA;FROST;ALTO;NO;SÍ;18/05/2022;5380
272000;LA ESTRELLA;SURGE;BAJO;SÍ;NO;2/07/2023;5380
273000;LA ESTRELLA;FLOOD;ALTO;SÍ;NO;3/09/2023;5380
274000;LA ESTRELLA;FORESTFIRE;BAJO;SÍ;SÍ;4/06/2023;5380
275000;LA ESTRELLA;STRUCTURE;MODERADO;SÍ;NO;5/03/2023;5380
276000;LA ESTRELLA;EPIDEMIC;ALTO;NO;SÍ;5/05/2023;5380
277000;LA ESTRELLA;LEAK;ALTO;SÍ;NO;6/09/2023;5380
594000;LA PINTADA;FROST;ALTO;NO;NO;22/11/2021;5390
595000;LA PINTADA;POLLUTION;BAJO;SÍ;NO;8/11/2021;5390
596000;LA PINTADA;SPATE;ALTO;SÍ;NO;30/09/2022;5390
597000;LA PINTADA;FLOOD;BAJO;NO;NO;23/09/2023;5390
598000;LA PINTADA;STORM;BAJO;NO;NO;7/07/2023;5390
599000;LA PINTADA;BIOLOGICAL;MODERADO;SÍ;SÍ;3/10/2023;5390
600000;LA PINTADA;EARTHQUAKE;MODERADO;SÍ;NO;10/12/2023;5390
601000;LA PINTADA;AVALANCHE;ALTO;SÍ;NO;7/12/2021;5390
602000;LA PINTADA;FIRE;BAJO;NO;NO;8/12/2021;5390
603000;LA PINTADA;RAIN;BAJO;SÍ;SÍ;22/01/2023;5390
604000;LA PINTADA;OTHER;ALTO;SÍ;NO;2/11/2023;5390
826000;LA UNIÓN;FIRE;ALTO;NO;NO;14/09/2022;5400
827000;LA UNIÓN;FLOOD;BAJO;SÍ;NO;29/05/2022;5400
828000;LA UNIÓN;EARTHQUAKE;ALTO;NO;SÍ;12/06/2022;5400
829000;LA UNIÓN;ELECTRICSTORM;ALTO;NO;NO;18/07/2023;5400
1014000;LIBORINA;FLOOD;BAJO;SÍ;SÍ;20/12/2022;5411
1015000;LIBORINA;STRONGWIND;ALTO;SÍ;SÍ;25/02/2022;5411
1016000;LIBORINA;EARTHQUAKE;ALTO;SÍ;SÍ;13/03/2022;5411
1017000;LIBORINA;ELECTRICSTORM;MODERADO;NO;NO;6/06/2022;5411
1018000;LIBORINA;SPATE;ALTO;NO;NO;30/01/2023;5411
1019000;LIBORINA;STRUCTURE;MODERADO;SÍ;NO;2/02/2022;5411
1020000;LIBORINA;STORM;ALTO;NO;NO;1/10/2022;5411
1021000;LIBORINA;PLAGUE;ALTO;NO;NO;30/09/2023;5411
1022000;LIBORINA;POLLUTION;BAJO;NO;SÍ;3/05/2022;5411
1023000;LIBORINA;INTOXICACION;ALTO;NO;NO;15/04/2022;5411
1024000;LIBORINA;SURGE;ALTO;NO;NO;10/02/2023;5411
1025000;LIBORINA;LEAK;MODERADO;SÍ;NO;26/11/2021;5411
1026000;LIBORINA;FIRE;MODERADO;NO;SÍ;13/06/2022;5411
1027000;LIBORINA;BIOLOGICAL;ALTO;NO;NO;14/12/2021;5411
1028000;LIBORINA;HAILSTORM;ALTO;SÍ;SÍ;12/08/2022;5411
1029000;LIBORINA;AVALANCHE;BAJO;SÍ;SÍ;5/10/2021;5411
1030000;LIBORINA;FORESTFIRE;MODERADO;SÍ;NO;30/07/2023;5411
1031000;LIBORINA;OTHER;BAJO;NO;SÍ;3/08/2021;5411
164000;MARINILLA;STORM;MODERADO;SÍ;NO;31/01/2023;5440
165000;MARINILLA;LANDSLIDE;ALTO;SÍ;SÍ;29/07/2023;5440
166000;MARINILLA;DROUGHT;MODERADO;NO;SÍ;1/05/2023;5440
167000;MARINILLA;FIRE;BAJO;SÍ;SÍ;22/10/2022;5440
168000;MARINILLA;EPIDEMIC;ALTO;NO;NO;17/02/2022;5440
169000;MARINILLA;HAILSTORM;BAJO;NO;NO;26/08/2023;5440
170000;MARINILLA;FORESTFIRE;MODERADO;NO;NO;25/09/2022;5440
171000;MARINILLA;INTOXICACION;MODERADO;NO;NO;26/10/2022;5440
172000;MARINILLA;FLOOD;ALTO;SÍ;SÍ;20/11/2023;5440
994000;MECEO;SPATE;BAJO;NO;NO;30/11/2022;5425
995000;MECEO;STRUCTURE;BAJO;NO;SÍ;9/08/2022;5425
996000;MECEO;STORM;MODERADO;NO;NO;26/02/2022;5425
41000;MEDELLÍN;INTOXICACION;MODERADO;NO;SÍ;25/01/2023;5001
42000;MEDELLÍN;DROUGHT;BAJO;NO;SÍ;13/07/2022;5001
43000;MEDELLÍN;LANDSLIDE;BAJO;SÍ;SÍ;12/04/2022;5001
44000;MEDELLÍN;EPIDEMIC;BAJO;NO;SÍ;27/11/2022;5001
45000;MEDELLÍN;RAIN;BAJO;SÍ;NO;13/08/2023;5001
46000;MEDELLÍN;ERUPTION;MODERADO;SÍ;SÍ;8/12/2023;5001
47000;MEDELLÍN;STRONGWIND;MODERADO;SÍ;SÍ;7/05/2023;5001
48000;MEDELLÍN;LEAK;BAJO;NO;NO;21/07/2023;5001
49000;MEDELLÍN;POLLUTION;MODERADO;SÍ;SÍ;18/05/2022;5001
50000;MEDELLÍN;ELECTRICSTORM;BAJO;NO;SÍ;12/02/2022;5001
777000;MONTEBELLO;LEAK;ALTO;SÍ;NO;28/06/2022;5467
778000;MONTEBELLO;EARTHQUAKE;MODERADO;SÍ;SÍ;11/08/2021;5467
779000;MONTEBELLO;BIOLOGICAL;ALTO;SÍ;NO;25/05/2022;5467
780000;MONTEBELLO;FROST;BAJO;NO;SÍ;20/11/2021;5467
781000;MONTEBELLO;STRUCTURE;ALTO;SÍ;NO;28/11/2023;5467
782000;MONTEBELLO;FIRE;ALTO;NO;SÍ;10/01/2023;5467
783000;MONTEBELLO;LANDSLIDE;ALTO;SÍ;NO;31/07/2023;5467
247000;MURINDÓ;POLLUTION;MODERADO;NO;SÍ;16/04/2023;5475
248000;MURINDÓ;OTHER;BAJO;NO;NO;21/08/2023;5475
249000;MURINDÓ;HAILSTORM;BAJO;SÍ;SÍ;21/10/2021;5475
250000;MURINDÓ;EPIDEMIC;MODERADO;NO;SÍ;14/09/2023;5475
251000;MURINDÓ;PLAGUE;ALTO;SÍ;NO;20/09/2021;5475
252000;MURINDÓ;RAIN;ALTO;NO;SÍ;17/05/2022;5475
253000;MURINDÓ;ERUPTION;MODERADO;NO;SÍ;11/02/2023;5475
254000;MURINDÓ;EARTHQUAKE;MODERADO;NO;SÍ;13/05/2022;5475
255000;MURINDÓ;FIRE;ALTO;NO;SÍ;14/08/2022;5475
256000;MURINDÓ;SPATE;MODERADO;NO;SÍ;21/08/2021;5475
257000;MURINDÓ;AVALANCHE;ALTO;SÍ;SÍ;18/05/2022;5475
258000;MURINDÓ;STRONGWIND;BAJO;NO;SÍ;25/07/2021;5475
278000;MUTATÁ;EARTHQUAKE;ALTO;NO;NO;29/10/2021;5480
279000;MUTATÁ;HAILSTORM;MODERADO;NO;NO;2/11/2021;5480
280000;MUTATÁ;RAIN;MODERADO;NO;NO;30/10/2022;5480
499000;NARIÑO;STORM;ALTO;SÍ;NO;23/02/2022;5483
500000;NARIÑO;STRUCTURE;BAJO;NO;NO;7/01/2023;5483
501000;NARIÑO;LEAK;ALTO;NO;NO;14/02/2022;5483
502000;NARIÑO;SPATE;ALTO;NO;SÍ;4/05/2023;5483
503000;NARIÑO;ERUPTION;MODERADO;SÍ;NO;6/07/2023;5483
111000;NECHÍ;LEAK;ALTO;NO;NO;14/10/2023;5495
112000;NECHÍ;EPIDEMIC;ALTO;NO;NO;25/07/2022;5495
113000;NECHÍ;ERUPTION;MODERADO;SÍ;SÍ;24/03/2022;5495
114000;NECHÍ;POLLUTION;BAJO;SÍ;NO;14/12/2023;5495
479000;NECOCLÍ;ELECTRICSTORM;MODERADO;SÍ;NO;2/12/2021;5490
480000;NECOCLÍ;EARTHQUAKE;BAJO;SÍ;NO;19/05/2022;5490
481000;NECOCLÍ;HAILSTORM;MODERADO;SÍ;NO;9/10/2023;5490
696000;OLAYA;EPIDEMIC;BAJO;NO;NO;6/05/2022;5501
697000;OLAYA;AVALANCHE;MODERADO;SÍ;SÍ;7/08/2023;5501
698000;OLAYA;ERUPTION;ALTO;SÍ;SÍ;22/05/2023;5501
699000;OLAYA;STRONGWIND;MODERADO;NO;SÍ;26/10/2022;5501
700000;OLAYA;INTOXICACION;BAJO;SÍ;SÍ;11/08/2023;5501
701000;OLAYA;FROST;MODERADO;SÍ;SÍ;20/12/2023;5501
702000;OLAYA;DROUGHT;BAJO;NO;NO;5/02/2023;5501
703000;OLAYA;HAILSTORM;ALTO;NO;SÍ;8/05/2022;5501
1102000;PEQUE;PLAGUE;BAJO;NO;SÍ;6/02/2022;5543
1103000;PEQUE;INTOXICACION;BAJO;SÍ;NO;10/08/2021;5543
1104000;PEQUE;LANDSLIDE;ALTO;SÍ;SÍ;1/09/2023;5543
1105000;PEQUE;AVALANCHE;ALTO;NO;NO;6/02/2023;5543
1106000;PEQUE;FIRE;BAJO;SÍ;SÍ;27/07/2022;5543
1107000;PEQUE;FROST;ALTO;NO;NO;13/12/2023;5543
1108000;PEQUE;RAIN;MODERADO;NO;SÍ;15/03/2023;5543
1109000;PEQUE;BIOLOGICAL;MODERADO;SÍ;NO;11/02/2022;5543
1110000;PEQUE;ERUPTION;ALTO;NO;SÍ;15/06/2023;5543
1111000;PEQUE;OTHER;MODERADO;SÍ;NO;22/02/2023;5543
1112000;PEQUE;DROUGHT;MODERADO;NO;NO;11/06/2023;5543
1113000;PEQUE;LEAK;ALTO;SÍ;NO;26/09/2021;5543
1114000;PEQUE;EPIDEMIC;ALTO;NO;SÍ;19/10/2021;5543
1115000;PEQUE;SURGE;MODERADO;NO;NO;15/06/2023;5543
1116000;PEQUE;SPATE;ALTO;NO;NO;31/10/2023;5543
1117000;PEQUE;FORESTFIRE;BAJO;NO;SÍ;5/10/2022;5543
1118000;PEQUE;STRUCTURE;BAJO;NO;NO;27/10/2022;5543
1119000;PEQUE;FLOOD;BAJO;SÍ;SÍ;21/04/2023;5543
1120000;PEQUE;POLLUTION;MODERADO;NO;SÍ;29/07/2022;5543
1121000;PEQUE;HAILSTORM;ALTO;NO;SÍ;4/09/2022;5543
1194000;PUEBLORRICO;LANDSLIDE;ALTO;NO;SÍ;29/03/2023;5576
1195000;PUEBLORRICO;STRONGWIND;MODERADO;SÍ;SÍ;10/02/2023;5576
1196000;PUEBLORRICO;SPATE;ALTO;SÍ;SÍ;22/12/2023;5576
1197000;PUEBLORRICO;RAIN;MODERADO;SÍ;SÍ;26/08/2021;5576
1198000;PUEBLORRICO;EARTHQUAKE;ALTO;SÍ;NO;21/10/2022;5576
1199000;PUEBLORRICO;DROUGHT;ALTO;NO;SÍ;5/09/2022;5576
1200000;PUEBLORRICO;INTOXICACION;MODERADO;SÍ;SÍ;3/08/2021;5576
1201000;PUEBLORRICO;HAILSTORM;BAJO;NO;SÍ;3/05/2023;5576
1202000;PUEBLORRICO;FLOOD;BAJO;SÍ;NO;22/10/2022;5576
1203000;PUEBLORRICO;STORM;MODERADO;SÍ;SÍ;9/01/2024;5576
1204000;PUEBLORRICO;ERUPTION;ALTO;NO;SÍ;27/03/2023;5576
1205000;PUEBLORRICO;LEAK;ALTO;SÍ;NO;7/09/2022;5576
1206000;PUEBLORRICO;POLLUTION;ALTO;NO;SÍ;14/08/2022;5576
1207000;PUEBLORRICO;FORESTFIRE;ALTO;NO;NO;4/03/2023;5576
449000;PUERTO BERRIO;HAILSTORM;MODERADO;NO;NO;19/09/2022;5579
450000;PUERTO BERRIO;RAIN;BAJO;SÍ;NO;24/11/2022;5579
451000;PUERTO BERRIO;ERUPTION;MODERADO;NO;NO;31/01/2022;5579
452000;PUERTO BERRIO;STORM;MODERADO;SÍ;SÍ;17/06/2023;5579
453000;PUERTO BERRIO;AVALANCHE;ALTO;NO;NO;17/10/2021;5579
676000;PUERTO NARE;EARTHQUAKE;MODERADO;SÍ;SÍ;9/11/2022;5585
677000;PUERTO NARE;STRONGWIND;ALTO;SÍ;SÍ;25/07/2022;5585
678000;PUERTO NARE;STORM;MODERADO;SÍ;SÍ;24/12/2021;5585
679000;PUERTO NARE;FORESTFIRE;ALTO;NO;SÍ;8/05/2023;5585
680000;PUERTO NARE;EPIDEMIC;BAJO;SÍ;NO;30/08/2021;5585
681000;PUERTO NARE;PLAGUE;ALTO;NO;NO;17/08/2022;5585
682000;PUERTO NARE;SURGE;ALTO;NO;SÍ;20/09/2021;5585
683000;PUERTO NARE;OTHER;BAJO;NO;SÍ;10/12/2022;5585
684000;PUERTO NARE;INTOXICACION;MODERADO;SÍ;SÍ;21/04/2023;5585
685000;PUERTO NARE;FIRE;MODERADO;NO;NO;26/12/2022;5585
686000;PUERTO NARE;LEAK;MODERADO;NO;NO;14/12/2023;5585
687000;PUERTO NARE;FROST;BAJO;SÍ;NO;10/02/2023;5585
688000;PUERTO NARE;RAIN;MODERADO;SÍ;SÍ;18/12/2021;5585
689000;PUERTO NARE;SPATE;MODERADO;SÍ;SÍ;17/11/2021;5585
690000;PUERTO NARE;BIOLOGICAL;MODERADO;SÍ;NO;15/09/2022;5585
691000;PUERTO NARE;DROUGHT;ALTO;NO;NO;23/09/2021;5585
313000;PUERTO TRIUNFO;DROUGHT;ALTO;SÍ;SÍ;25/11/2023;5591
314000;PUERTO TRIUNFO;STRONGWIND;ALTO;SÍ;NO;30/07/2023;5591
315000;PUERTO TRIUNFO;HAILSTORM;MODERADO;SÍ;SÍ;30/04/2023;5591
316000;PUERTO TRIUNFO;FLOOD;BAJO;NO;SÍ;24/10/2022;5591
317000;PUERTO TRIUNFO;STRUCTURE;BAJO;SÍ;NO;13/05/2023;5591
318000;PUERTO TRIUNFO;BIOLOGICAL;MODERADO;SÍ;SÍ;2/05/2022;5591
319000;PUERTO TRIUNFO;INTOXICACION;BAJO;SÍ;SÍ;13/02/2023;5591
320000;PUERTO TRIUNFO;PLAGUE;ALTO;NO;SÍ;17/11/2023;5591
321000;PUERTO TRIUNFO;RAIN;MODERADO;NO;NO;10/12/2021;5591
322000;PUERTO TRIUNFO;LANDSLIDE;ALTO;NO;NO;26/02/2023;5591
323000;PUERTO TRIUNFO;FROST;ALTO;SÍ;NO;23/08/2022;5591
324000;PUERTO TRIUNFO;STORM;BAJO;SÍ;SÍ;22/07/2023;5591
325000;PUERTO TRIUNFO;OTHER;MODERADO;NO;NO;30/03/2023;5591
326000;PUERTO TRIUNFO;ELECTRICSTORM;ALTO;NO;SÍ;7/03/2023;5591
327000;PUERTO TRIUNFO;POLLUTION;ALTO;SÍ;NO;14/11/2022;5591
328000;PUERTO TRIUNFO;LEAK;BAJO;SÍ;SÍ;22/10/2022;5591
329000;PUERTO TRIUNFO;SURGE;BAJO;NO;SÍ;8/10/2022;5591
330000;PUERTO TRIUNFO;EPIDEMIC;ALTO;SÍ;SÍ;21/02/2023;5591
331000;PUERTO TRIUNFO;FIRE;ALTO;NO;SÍ;9/10/2022;5591
332000;PUERTO TRIUNFO;ERUPTION;MODERADO;SÍ;NO;18/11/2021;5591
115000;REMEDIOS;DROUGHT;MODERADO;SÍ;NO;1/05/2023;5604
116000;REMEDIOS;ELECTRICSTORM;MODERADO;NO;SÍ;23/09/2022;5604
117000;REMEDIOS;SPATE;MODERADO;SÍ;NO;22/10/2022;5604
118000;REMEDIOS;STRUCTURE;BAJO;NO;SÍ;11/04/2022;5604
119000;REMEDIOS;FORESTFIRE;MODERADO;SÍ;SÍ;12/03/2023;5604
120000;REMEDIOS;INTOXICACION;ALTO;SÍ;SÍ;23/01/2023;5604
121000;REMEDIOS;SURGE;ALTO;SÍ;NO;20/03/2022;5604
122000;REMEDIOS;HAILSTORM;ALTO;NO;NO;2/09/2021;5604
123000;REMEDIOS;PLAGUE;BAJO;NO;NO;23/12/2022;5604
124000;REMEDIOS;POLLUTION;BAJO;SÍ;NO;24/10/2021;5604
125000;REMEDIOS;ERUPTION;BAJO;NO;NO;14/01/2023;5604
126000;REMEDIOS;STRONGWIND;ALTO;NO;NO;25/05/2023;5604
127000;REMEDIOS;AVALANCHE;ALTO;SÍ;NO;12/06/2022;5604
773000;EL RETIRO;DROUGHT;BAJO;SÍ;SÍ;25/05/2023;5607
774000;EL RETIRO;EARTHQUAKE;MODERADO;NO;NO;25/10/2023;5607
775000;EL RETIRO;FROST;ALTO;SÍ;SÍ;6/11/2023;5607
776000;EL RETIRO;POLLUTION;BAJO;NO;SÍ;1/05/2023;5607
87000;RIONEGRO;FROST;BAJO;SÍ;NO;17/10/2021;5615
88000;RIONEGRO;DROUGHT;ALTO;SÍ;SÍ;20/08/2022;5615
